pincode,city,state,latitude,longitude
110001,New Delhi,Delhi,28.6353,77.2250
110002,New Delhi,Delhi,28.6508,77.2310
110003,New Delhi,Delhi,28.6456,77.2100
110005,New Delhi,Delhi,28.6333,77.2167
110006,New Delhi,Delhi,28.6600,77.1900
110007,New Delhi,Delhi,28.6700,77.2100
110008,New Delhi,Delhi,28.6900,77.2100
110009,New Delhi,Delhi,28.6750,77.2300
110010,New Delhi,Delhi,28.6100,77.2350
110011,New Delhi,Delhi,28.6600,77.2100
110016,New Delhi,Delhi,28.5700,77.1900
110017,New Delhi,Delhi,28.5300,77.2100
110019,New Delhi,Delhi,28.5600,77.2200
110020,New Delhi,Delhi,28.5400,77.2200
110025,New Delhi,Delhi,28.5700,77.2500
110030,New Delhi,Delhi,28.5100,77.2800
110044,New Delhi,Delhi,28.5500,77.2700
110048,New Delhi,Delhi,28.5200,77.2300
110049,New Delhi,Delhi,28.5900,77.2100
110051,New Delhi,Delhi,28.6800,77.2700
110052,New Delhi,Delhi,28.6900,77.1500
110060,New Delhi,Delhi,28.6200,77.0800
110062,New Delhi,Delhi,28.5300,77.1700
110065,New Delhi,Delhi,28.5100,77.2100
110070,New Delhi,Delhi,28.5100,77.0600
110075,New Delhi,Delhi,28.6000,77.3200
110085,New Delhi,Delhi,28.7100,77.2900
110091,New Delhi,Delhi,28.6800,77.3100
110092,New Delhi,Delhi,28.6500,77.2900
110093,New Delhi,Delhi,28.7000,77.2700
110094,New Delhi,Delhi,28.6900,77.3200
110095,New Delhi,Delhi,28.7100,77.3100
110096,New Delhi,Delhi,28.7200,77.3000
120001,Hisar,Haryana,29.1500,75.7200
121001,Faridabad,Haryana,28.4089,77.3178
121002,Faridabad,Haryana,28.4200,77.3100
122001,Gurgaon,Haryana,28.4595,77.0266
122002,Gurgaon,Haryana,28.4700,77.0400
122003,Gurgaon,Haryana,28.4500,77.0500
122018,Gurgaon,Haryana,28.4300,77.0300
125001,Hisar,Haryana,29.1500,75.7200
125005,Hisar,Haryana,29.1600,75.7100
126102,Jind,Haryana,29.3159,76.3143
127021,Bhiwani,Haryana,28.7930,76.1322
130001,Ambala,Haryana,30.3752,76.7821
131001,Sonipat,Haryana,28.9931,77.0151
132001,Karnal,Haryana,29.6857,76.9905
134109,Panchkula,Haryana,30.6942,76.8606
140001,Ludhiana,Punjab,30.9010,75.8573
141001,Ludhiana,Punjab,30.9010,75.8573
143001,Amritsar,Punjab,31.6340,74.8723
144001,Jalandhar,Punjab,31.3260,75.5762
144411,Nawanshahr,Punjab,31.1240,76.1160
147001,Patiala,Punjab,30.3398,76.3869
148001,Sangrur,Punjab,30.2328,75.8266
150001,Bathinda,Punjab,30.2070,74.9519
151001,Bathinda,Punjab,30.2100,74.9500
152001,Firozpur,Punjab,30.9337,74.6134
160001,Chandigarh,Chandigarh,30.7333,76.7794
160017,Chandigarh,Chandigarh,30.7200,76.7600
160036,Chandigarh,Chandigarh,30.7100,76.7500
180001,Jammu,Jammu and Kashmir,32.7266,74.8570
190001,Srinagar,Jammu and Kashmir,34.0837,74.7973
201001,Ghaziabad,Uttar Pradesh,28.6692,77.4538
201002,Ghaziabad,Uttar Pradesh,28.6700,77.4400
201003,Ghaziabad,Uttar Pradesh,28.6600,77.4500
201010,Ghaziabad,Uttar Pradesh,28.6300,77.4200
201301,Noida,Uttar Pradesh,28.5355,77.3910
201303,Noida,Uttar Pradesh,28.5700,77.3600
201304,Greater Noida,Uttar Pradesh,28.4744,77.5040
201305,Noida,Uttar Pradesh,28.5200,77.3700
202001,Aligarh,Uttar Pradesh,27.8974,78.0880
208001,Kanpur,Uttar Pradesh,26.4499,80.3319
208002,Kanpur,Uttar Pradesh,26.4600,80.3400
208004,Kanpur,Uttar Pradesh,26.4400,80.3200
208005,Kanpur,Uttar Pradesh,26.4500,80.3100
211001,Prayagraj,Uttar Pradesh,25.4358,81.8463
211002,Prayagraj,Uttar Pradesh,25.4400,81.8500
221001,Varanasi,Uttar Pradesh,25.3176,82.9739
221002,Varanasi,Uttar Pradesh,25.3300,82.9800
221005,Varanasi,Uttar Pradesh,25.3100,82.9600
222001,Jaunpur,Uttar Pradesh,25.7464,82.6837
224001,Ayodhya,Uttar Pradesh,26.7922,82.1998
226001,Lucknow,Uttar Pradesh,26.8467,80.9462
226002,Lucknow,Uttar Pradesh,26.8600,80.9500
226003,Lucknow,Uttar Pradesh,26.8500,80.9300
226004,Lucknow,Uttar Pradesh,26.8400,80.9600
226010,Lucknow,Uttar Pradesh,26.8700,80.9200
226016,Lucknow,Uttar Pradesh,26.8300,80.9100
226017,Lucknow,Uttar Pradesh,26.8200,80.9000
226018,Lucknow,Uttar Pradesh,26.8100,80.9300
226020,Lucknow,Uttar Pradesh,26.8000,80.9400
226021,Lucknow,Uttar Pradesh,26.7900,80.9500
226022,Lucknow,Uttar Pradesh,26.7800,80.9600
226024,Lucknow,Uttar Pradesh,26.7700,80.9700
226025,Lucknow,Uttar Pradesh,26.7600,80.9800
228001,Sultanpur,Uttar Pradesh,26.2648,82.0727
229001,Raebareli,Uttar Pradesh,26.2299,81.2326
230001,Pratapgarh,Uttar Pradesh,25.8974,81.9413
231001,Mirzapur,Uttar Pradesh,25.1337,82.5644
232101,Ghazipur,Uttar Pradesh,25.5878,83.5779
233001,Ghazipur,Uttar Pradesh,25.5900,83.5800
236001,Ballia,Uttar Pradesh,25.7613,84.1484
241001,Hardoi,Uttar Pradesh,27.3989,80.1237
242001,Shahjahanpur,Uttar Pradesh,27.8836,79.9108
243001,Bareilly,Uttar Pradesh,28.3670,79.4304
243122,Bareilly,Uttar Pradesh,28.3800,79.4400
244001,Moradabad,Uttar Pradesh,28.8389,78.7768
244901,Rampur,Uttar Pradesh,28.8087,79.0250
245101,Hapur,Uttar Pradesh,28.7307,77.7759
246001,Pauri Garhwal,Uttarakhand,30.1500,78.7800
247001,Saharanpur,Uttar Pradesh,29.9680,77.5460
248001,Dehradun,Uttarakhand,30.3165,78.0322
248002,Dehradun,Uttarakhand,30.3200,78.0400
248003,Dehradun,Uttarakhand,30.3100,78.0300
249001,Haridwar,Uttarakhand,29.9457,78.1642
249201,Rishikesh,Uttarakhand,30.0869,78.2676
249401,Haridwar,Uttarakhand,29.9500,78.1700
250001,Meerut,Uttar Pradesh,28.9845,77.7064
250002,Meerut,Uttar Pradesh,28.9900,77.7100
250004,Meerut,Uttar Pradesh,28.9800,77.7000
250110,Baghpat,Uttar Pradesh,28.9449,77.2198
251001,Muzaffarnagar,Uttar Pradesh,29.4727,77.7085
261001,Sitapur,Uttar Pradesh,27.5725,80.6814
271001,Gonda,Uttar Pradesh,27.1323,81.9618
272001,Basti,Uttar Pradesh,26.7976,82.7334
273001,Gorakhpur,Uttar Pradesh,26.7606,83.3732
273002,Gorakhpur,Uttar Pradesh,26.7700,83.3800
274001,Deoria,Uttar Pradesh,26.5024,83.7791
275101,Mau,Uttar Pradesh,25.9410,83.5610
276001,Azamgarh,Uttar Pradesh,26.0683,83.1853
277001,Ballia,Uttar Pradesh,25.7613,84.1484
281001,Mathura,Uttar Pradesh,27.4924,77.6737
282001,Agra,Uttar Pradesh,27.1767,78.0081
282002,Agra,Uttar Pradesh,27.1800,78.0100
282003,Agra,Uttar Pradesh,27.1700,78.0000
282004,Agra,Uttar Pradesh,27.1600,77.9900
282005,Agra,Uttar Pradesh,27.1500,77.9800
282007,Agra,Uttar Pradesh,27.1400,77.9700
284001,Jhansi,Uttar Pradesh,25.4484,78.5685
284002,Jhansi,Uttar Pradesh,25.4500,78.5700
284003,Jhansi,Uttar Pradesh,25.4400,78.5600
285001,Orai,Uttar Pradesh,25.9920,79.4517
286001,Sultanpur,Uttar Pradesh,26.2600,82.0700
302001,Jaipur,Rajasthan,26.9124,75.7873
302002,Jaipur,Rajasthan,26.9200,75.7900
302003,Jaipur,Rajasthan,26.9000,75.7800
302004,Jaipur,Rajasthan,26.8900,75.7700
302005,Jaipur,Rajasthan,26.8800,75.7600
302006,Jaipur,Rajasthan,26.8700,75.8000
302012,Jaipur,Rajasthan,26.8500,75.7600
302015,Jaipur,Rajasthan,26.8300,75.7900
302016,Jaipur,Rajasthan,26.8600,75.8100
302017,Jaipur,Rajasthan,26.9300,75.7200
302018,Jaipur,Rajasthan,26.9100,75.7300
302019,Jaipur,Rajasthan,26.9400,75.7100
302020,Jaipur,Rajasthan,26.8400,75.8200
302021,Jaipur,Rajasthan,26.8200,75.7400
302022,Jaipur,Rajasthan,26.8100,75.7500
305001,Ajmer,Rajasthan,26.4499,74.6399
305901,Beawar,Rajasthan,26.1012,74.3189
306001,Pali,Rajasthan,25.7711,73.3234
311001,Bhilwara,Rajasthan,25.3407,74.6313
312001,Chittorgarh,Rajasthan,24.8887,74.6269
313001,Udaipur,Rajasthan,24.5854,73.7125
313002,Udaipur,Rajasthan,24.5900,73.7200
313004,Udaipur,Rajasthan,24.5800,73.7000
314001,Dungarpur,Rajasthan,23.8407,73.7224
321001,Bharatpur,Rajasthan,27.2152,77.5030
322001,Sawai Madhopur,Rajasthan,26.0228,76.3604
324001,Kota,Rajasthan,25.2138,75.8648
324002,Kota,Rajasthan,25.2200,75.8700
324005,Kota,Rajasthan,25.2100,75.8600
324007,Kota,Rajasthan,25.2000,75.8500
325001,Bundi,Rajasthan,25.4305,75.6499
326001,Jhalawar,Rajasthan,24.5965,76.1660
327001,Banswara,Rajasthan,23.5452,74.4435
328001,Dholpur,Rajasthan,26.7021,77.8972
329001,Udaipur,Rajasthan,24.5800,73.7100
331001,Churu,Rajasthan,28.2919,74.9660
332001,Sikar,Rajasthan,27.6094,75.1399
334001,Bikaner,Rajasthan,28.0229,73.3119
334401,Bikaner,Rajasthan,28.0300,73.3200
335001,Sri Ganganagar,Rajasthan,29.9094,73.8798
335002,Sri Ganganagar,Rajasthan,29.9100,73.8700
335512,Hanumangarh,Rajasthan,29.5812,74.3291
341001,Nagaur,Rajasthan,27.2024,73.1789
342001,Jodhpur,Rajasthan,26.2389,73.0243
342002,Jodhpur,Rajasthan,26.2400,73.0300
342003,Jodhpur,Rajasthan,26.2300,73.0200
342005,Jodhpur,Rajasthan,26.2200,73.0100
342006,Jodhpur,Rajasthan,26.2100,73.0000
342008,Jodhpur,Rajasthan,26.2500,73.0400
344001,Barmer,Rajasthan,25.7452,71.3924
345001,Jaisalmer,Rajasthan,26.9157,70.9083
360001,Rajkot,Gujarat,22.3039,70.8022
360002,Rajkot,Gujarat,22.3100,70.8100
360005,Rajkot,Gujarat,22.2900,70.7900
361001,Jamnagar,Gujarat,22.4707,70.0577
361008,Jamnagar,Gujarat,22.4800,70.0600
362001,Junagadh,Gujarat,21.5222,70.4579
362002,Junagadh,Gujarat,21.5300,70.4600
363001,Surendranagar,Gujarat,22.7281,71.6493
364001,Bhavnagar,Gujarat,21.7645,72.1519
364002,Bhavnagar,Gujarat,21.7700,72.1600
370001,Kutch,Gujarat,23.2420,69.6669
380001,Ahmedabad,Gujarat,23.0225,72.5714
380002,Ahmedabad,Gujarat,23.0300,72.5800
380004,Ahmedabad,Gujarat,23.0100,72.5600
380005,Ahmedabad,Gujarat,23.0200,72.5500
380006,Ahmedabad,Gujarat,23.0400,72.5900
380007,Ahmedabad,Gujarat,23.0500,72.5400
380008,Ahmedabad,Gujarat,23.0000,72.5700
380009,Ahmedabad,Gujarat,23.0600,72.5300
380013,Ahmedabad,Gujarat,22.9900,72.6000
380015,Ahmedabad,Gujarat,23.0700,72.5200
380019,Ahmedabad,Gujarat,22.9800,72.6100
380024,Ahmedabad,Gujarat,22.9700,72.6200
380050,Ahmedabad,Gujarat,23.0800,72.5100
380051,Ahmedabad,Gujarat,23.0900,72.5000
380054,Ahmedabad,Gujarat,22.9600,72.5000
380055,Ahmedabad,Gujarat,22.9500,72.5200
380058,Ahmedabad,Gujarat,22.9400,72.5300
380059,Ahmedabad,Gujarat,22.9300,72.5400
382007,Gandhinagar,Gujarat,23.2156,72.6369
382010,Gandhinagar,Gujarat,23.2200,72.6400
382016,Gandhinagar,Gujarat,23.2100,72.6300
382020,Gandhinagar,Gujarat,23.2300,72.6500
382024,Gandhinagar,Gujarat,23.2400,72.6600
382028,Gandhinagar,Gujarat,23.2500,72.6200
382330,Ahmedabad,Gujarat,23.1000,72.4900
382345,Ahmedabad,Gujarat,23.1100,72.4800
382350,Ahmedabad,Gujarat,23.1200,72.4700
382405,Ahmedabad,Gujarat,23.1300,72.4600
382418,Ahmedabad,Gujarat,23.1400,72.4500
382424,Ahmedabad,Gujarat,23.1500,72.4400
382443,Ahmedabad,Gujarat,23.1600,72.4300
382481,Ahmedabad,Gujarat,23.1700,72.4200
388001,Anand,Gujarat,22.5645,72.9289
389001,Godhra,Gujarat,22.7772,73.6150
390001,Vadodara,Gujarat,22.3072,73.1812
390002,Vadodara,Gujarat,22.3100,73.1900
390004,Vadodara,Gujarat,22.3000,73.1700
390005,Vadodara,Gujarat,22.3200,73.2000
390006,Vadodara,Gujarat,22.2900,73.1600
390007,Vadodara,Gujarat,22.2800,73.1500
390010,Vadodara,Gujarat,22.3300,73.2100
390015,Vadodara,Gujarat,22.2700,73.1400
390018,Vadodara,Gujarat,22.2600,73.1300
390019,Vadodara,Gujarat,22.2500,73.1200
390020,Vadodara,Gujarat,22.3400,73.2200
390021,Vadodara,Gujarat,22.3500,73.2300
390022,Vadodara,Gujarat,22.3600,73.2400
390023,Vadodara,Gujarat,22.3700,73.2500
390024,Vadodara,Gujarat,22.2400,73.1100
395001,Surat,Gujarat,21.1702,72.8311
395002,Surat,Gujarat,21.1800,72.8400
395003,Surat,Gujarat,21.1600,72.8200
395004,Surat,Gujarat,21.1900,72.8500
395005,Surat,Gujarat,21.1500,72.8100
395006,Surat,Gujarat,21.2000,72.8600
395007,Surat,Gujarat,21.1400,72.8000
395009,Surat,Gujarat,21.2100,72.8700
395010,Surat,Gujarat,21.1300,72.7900
395017,Surat,Gujarat,21.2200,72.8800
396001,Valsad,Gujarat,20.5992,72.9342
400001,Mumbai,Maharashtra,18.9388,72.8354
400002,Mumbai,Maharashtra,18.9500,72.8400
400003,Mumbai,Maharashtra,18.9600,72.8300
400004,Mumbai,Maharashtra,18.9700,72.8200
400005,Mumbai,Maharashtra,18.9800,72.8100
400006,Mumbai,Maharashtra,18.9900,72.8000
400007,Mumbai,Maharashtra,19.0000,72.8500
400008,Mumbai,Maharashtra,18.9300,72.8300
400009,Mumbai,Maharashtra,18.9200,72.8400
400010,Mumbai,Maharashtra,18.9100,72.8500
400011,Mumbai,Maharashtra,19.0100,72.8400
400012,Mumbai,Maharashtra,19.0200,72.8300
400013,Mumbai,Maharashtra,19.0175,72.8400
400014,Mumbai,Maharashtra,19.0200,72.8500
400016,Mumbai,Maharashtra,19.0300,72.8400
400017,Mumbai,Maharashtra,19.0400,72.8300
400018,Mumbai,Maharashtra,19.0500,72.8200
400019,Mumbai,Maharashtra,19.0150,72.8300
400020,Mumbai,Maharashtra,19.0050,72.8100
400021,Mumbai,Maharashtra,18.9900,72.8300
400022,Mumbai,Maharashtra,19.0100,72.8100
400025,Mumbai,Maharashtra,19.0000,72.8100
400028,Mumbai,Maharashtra,19.0100,72.8200
400029,Mumbai,Maharashtra,19.0600,72.8400
400030,Mumbai,Maharashtra,19.0000,72.8200
400031,Mumbai,Maharashtra,19.0200,72.8100
400033,Mumbai,Maharashtra,19.0300,72.8300
400034,Mumbai,Maharashtra,19.0400,72.8500
400036,Mumbai,Maharashtra,18.9200,72.8300
400037,Mumbai,Maharashtra,19.0700,72.8700
400042,Mumbai,Maharashtra,19.0800,72.8800
400049,Mumbai,Maharashtra,19.0700,72.8500
400050,Mumbai,Maharashtra,19.0600,72.8300
400051,Mumbai,Maharashtra,19.0600,72.8200
400052,Mumbai,Maharashtra,19.0800,72.8400
400053,Mumbai,Maharashtra,19.0700,72.8300
400054,Mumbai,Maharashtra,19.0900,72.8500
400055,Mumbai,Maharashtra,19.0800,72.8300
400056,Mumbai,Maharashtra,19.0900,72.8400
400057,Mumbai,Maharashtra,19.1000,72.8500
400058,Mumbai,Maharashtra,19.1100,72.8600
400059,Mumbai,Maharashtra,19.1200,72.8700
400060,Mumbai,Maharashtra,19.0500,72.8400
400061,Mumbai,Maharashtra,19.1000,72.8300
400062,Mumbai,Maharashtra,19.0900,72.8600
400063,Mumbai,Maharashtra,19.1300,72.9100
400064,Mumbai,Maharashtra,19.1400,72.9200
400066,Mumbai,Maharashtra,19.1300,72.8900
400067,Mumbai,Maharashtra,19.1400,72.8700
400068,Mumbai,Maharashtra,19.1300,72.8800
400069,Mumbai,Maharashtra,19.1500,72.9400
400070,Mumbai,Maharashtra,19.0500,72.9000
400071,Mumbai,Maharashtra,19.0700,72.8900
400072,Mumbai,Maharashtra,19.0800,72.8900
400074,Mumbai,Maharashtra,19.0600,72.8800
400075,Mumbai,Maharashtra,19.0700,72.9000
400076,Mumbai,Maharashtra,19.0800,72.9000
400077,Mumbai,Maharashtra,19.0900,72.8700
400078,Mumbai,Maharashtra,19.1000,72.8700
400079,Mumbai,Maharashtra,19.0900,72.8900
400080,Mumbai,Maharashtra,19.0500,72.8800
400086,Mumbai,Maharashtra,19.1200,72.8500
400088,Mumbai,Maharashtra,19.1500,72.8800
400089,Mumbai,Maharashtra,19.1300,72.8600
400091,Mumbai,Maharashtra,19.1500,72.9000
400092,Mumbai,Maharashtra,19.1600,72.8400
400093,Mumbai,Maharashtra,19.1600,72.8600
400097,Mumbai,Maharashtra,19.2100,72.8500
400101,Mumbai,Maharashtra,19.1900,72.8500
400102,Mumbai,Maharashtra,19.2000,72.8600
400103,Mumbai,Maharashtra,19.2200,72.8800
400104,Mumbai,Maharashtra,19.2400,72.8500
410001,Pune,Maharashtra,18.5204,73.8567
410206,Navi Mumbai,Maharashtra,19.0330,73.0297
410210,Navi Mumbai,Maharashtra,19.0400,73.0400
411001,Pune,Maharashtra,18.5204,73.8567
411002,Pune,Maharashtra,18.5300,73.8600
411003,Pune,Maharashtra,18.5100,73.8500
411004,Pune,Maharashtra,18.5400,73.8700
411005,Pune,Maharashtra,18.5000,73.8400
411006,Pune,Maharashtra,18.5500,73.8800
411007,Pune,Maharashtra,18.4900,73.8300
411008,Pune,Maharashtra,18.5600,73.8900
411009,Pune,Maharashtra,18.4800,73.8200
411011,Pune,Maharashtra,18.4700,73.8100
411014,Pune,Maharashtra,18.5200,73.8800
411016,Pune,Maharashtra,18.5100,73.8900
411017,Pune,Maharashtra,18.5000,73.9000
411018,Pune,Maharashtra,18.4900,73.9100
411019,Pune,Maharashtra,18.4800,73.9200
411020,Pune,Maharashtra,18.4700,73.8900
411021,Pune,Maharashtra,18.5600,73.9100
411027,Pune,Maharashtra,18.5700,73.8100
411028,Pune,Maharashtra,18.5800,73.8200
411030,Pune,Maharashtra,18.5900,73.8300
411032,Pune,Maharashtra,18.6000,73.8400
411033,Pune,Maharashtra,18.5800,73.8400
411035,Pune,Maharashtra,18.5700,73.8500
411036,Pune,Maharashtra,18.5600,73.8600
411037,Pune,Maharashtra,18.5500,73.8400
411038,Pune,Maharashtra,18.5400,73.8300
411039,Pune,Maharashtra,18.5300,73.8200
411040,Pune,Maharashtra,18.5200,73.8100
411041,Pune,Maharashtra,18.5100,73.8000
411042,Pune,Maharashtra,18.5300,73.9000
411043,Pune,Maharashtra,18.5400,73.9100
411044,Pune,Maharashtra,18.5000,73.8700
411045,Pune,Maharashtra,18.4800,73.8800
411046,Pune,Maharashtra,18.5500,73.9200
411047,Pune,Maharashtra,18.4700,73.8700
411048,Pune,Maharashtra,18.5600,73.9300
412001,Pune,Maharashtra,18.5100,73.8700
412105,Pune,Maharashtra,18.5200,73.9200
416001,Kolhapur,Maharashtra,16.7050,74.2433
422001,Nashik,Maharashtra,20.0063,73.7903
422003,Nashik,Maharashtra,20.0100,73.8000
422005,Nashik,Maharashtra,19.9900,73.7800
422010,Nashik,Maharashtra,19.9800,73.7700
431001,Aurangabad,Maharashtra,19.8762,75.3433
431002,Aurangabad,Maharashtra,19.8800,75.3500
431005,Aurangabad,Maharashtra,19.8700,75.3400
440001,Nagpur,Maharashtra,21.1458,79.0882
440002,Nagpur,Maharashtra,21.1500,79.0900
440003,Nagpur,Maharashtra,21.1400,79.0800
440004,Nagpur,Maharashtra,21.1600,79.1000
440006,Nagpur,Maharashtra,21.1300,79.0700
440008,Nagpur,Maharashtra,21.1700,79.1100
440009,Nagpur,Maharashtra,21.1200,79.0600
440010,Nagpur,Maharashtra,21.1800,79.1200
440012,Nagpur,Maharashtra,21.1900,79.1300
440013,Nagpur,Maharashtra,21.1100,79.0500
440014,Nagpur,Maharashtra,21.2000,79.1400
440015,Nagpur,Maharashtra,21.1000,79.0400
440017,Nagpur,Maharashtra,21.2100,79.1500
440018,Nagpur,Maharashtra,21.0900,79.0300
440019,Nagpur,Maharashtra,21.2200,79.1600
440022,Nagpur,Maharashtra,21.0800,79.0200
440024,Nagpur,Maharashtra,21.2300,79.1700
440025,Nagpur,Maharashtra,21.0700,79.0100
440027,Nagpur,Maharashtra,21.1600,79.0800
440030,Nagpur,Maharashtra,21.1700,79.0600
440032,Nagpur,Maharashtra,21.1500,79.1100
440033,Nagpur,Maharashtra,21.1400,79.1200
440034,Nagpur,Maharashtra,21.1300,79.1300
440035,Nagpur,Maharashtra,21.1200,79.1400
440036,Nagpur,Maharashtra,21.1100,79.1500
442001,Wardha,Maharashtra,20.7453,78.6022
444001,Akola,Maharashtra,20.7002,77.0082
445001,Yavatmal,Maharashtra,20.3899,78.1307
450001,Khandwa,Madhya Pradesh,21.8243,76.3521
451001,Khargone,Madhya Pradesh,21.8239,75.6163
452001,Indore,Madhya Pradesh,22.7196,75.8577
452002,Indore,Madhya Pradesh,22.7200,75.8600
452003,Indore,Madhya Pradesh,22.7100,75.8500
452004,Indore,Madhya Pradesh,22.7300,75.8700
452005,Indore,Madhya Pradesh,22.7000,75.8400
452006,Indore,Madhya Pradesh,22.7400,75.8800
452007,Indore,Madhya Pradesh,22.6900,75.8300
452009,Indore,Madhya Pradesh,22.7500,75.8900
452010,Indore,Madhya Pradesh,22.6800,75.8200
452011,Indore,Madhya Pradesh,22.7600,75.9000
452012,Indore,Madhya Pradesh,22.6700,75.8100
457001,Ratlam,Madhya Pradesh,23.3315,75.0367
458001,Mandsaur,Madhya Pradesh,24.0711,75.0724
460001,Betul,Madhya Pradesh,21.9100,77.9000
461001,Hoshangabad,Madhya Pradesh,22.7547,77.7314
462001,Bhopal,Madhya Pradesh,23.2599,77.4126
462002,Bhopal,Madhya Pradesh,23.2600,77.4200
462003,Bhopal,Madhya Pradesh,23.2500,77.4000
462010,Bhopal,Madhya Pradesh,23.2700,77.4300
462011,Bhopal,Madhya Pradesh,23.2400,77.3900
462016,Bhopal,Madhya Pradesh,23.2800,77.4400
462020,Bhopal,Madhya Pradesh,23.2300,77.3800
462021,Bhopal,Madhya Pradesh,23.2900,77.4500
462023,Bhopal,Madhya Pradesh,23.2200,77.3700
462024,Bhopal,Madhya Pradesh,23.3000,77.4600
462026,Bhopal,Madhya Pradesh,23.2100,77.3600
462030,Bhopal,Madhya Pradesh,23.3100,77.4700
462033,Bhopal,Madhya Pradesh,23.2000,77.3500
462036,Bhopal,Madhya Pradesh,23.3200,77.4800
462038,Bhopal,Madhya Pradesh,23.1900,77.3400
462039,Bhopal,Madhya Pradesh,23.3300,77.4900
462041,Bhopal,Madhya Pradesh,23.1800,77.3300
462042,Bhopal,Madhya Pradesh,23.3400,77.5000
462043,Bhopal,Madhya Pradesh,23.1700,77.3200
462044,Bhopal,Madhya Pradesh,23.3500,77.5100
462045,Bhopal,Madhya Pradesh,23.1600,77.3100
462046,Bhopal,Madhya Pradesh,23.3600,77.5200
462047,Bhopal,Madhya Pradesh,23.1500,77.3000
470001,Sagar,Madhya Pradesh,23.8388,78.7378
473001,Guna,Madhya Pradesh,24.6466,77.3119
474001,Gwalior,Madhya Pradesh,26.2183,78.1828
474002,Gwalior,Madhya Pradesh,26.2200,78.1900
474003,Gwalior,Madhya Pradesh,26.2100,78.1700
474005,Gwalior,Madhya Pradesh,26.2300,78.2000
474009,Gwalior,Madhya Pradesh,26.2000,78.1600
474011,Gwalior,Madhya Pradesh,26.2400,78.2100
480001,Chhindwara,Madhya Pradesh,22.0574,78.9382
482001,Jabalpur,Madhya Pradesh,23.1815,79.9864
482002,Jabalpur,Madhya Pradesh,23.1900,79.9900
482003,Jabalpur,Madhya Pradesh,23.1700,79.9800
482004,Jabalpur,Madhya Pradesh,23.2000,80.0000
482005,Jabalpur,Madhya Pradesh,23.1600,79.9700
484001,Shahdol,Madhya Pradesh,23.2988,81.3552
486001,Rewa,Madhya Pradesh,24.5373,81.2983
488001,Panna,Madhya Pradesh,24.7274,80.1842
490001,Durg,Chhattisgarh,21.1904,81.2849
490006,Bhilai,Chhattisgarh,21.2094,81.3784
490009,Bhilai,Chhattisgarh,21.2100,81.3800
490020,Durg,Chhattisgarh,21.1900,81.2800
492001,Raipur,Chhattisgarh,21.2514,81.6296
492007,Raipur,Chhattisgarh,21.2600,81.6300
492009,Raipur,Chhattisgarh,21.2400,81.6200
495001,Bilaspur,Chhattisgarh,22.0796,82.1391
497001,Korba,Chhattisgarh,22.3595,82.7501
500001,Hyderabad,Telangana,17.3850,78.4867
500002,Hyderabad,Telangana,17.3900,78.4900
500003,Hyderabad,Telangana,17.3800,78.4800
500004,Hyderabad,Telangana,17.3700,78.4700
500005,Hyderabad,Telangana,17.4000,78.5000
500006,Hyderabad,Telangana,17.3600,78.4600
500007,Hyderabad,Telangana,17.4100,78.5100
500008,Hyderabad,Telangana,17.3500,78.4500
500009,Hyderabad,Telangana,17.4200,78.5200
500010,Hyderabad,Telangana,17.3400,78.4400
500012,Hyderabad,Telangana,17.4300,78.5300
500013,Hyderabad,Telangana,17.3900,78.4600
500016,Hyderabad,Telangana,17.4000,78.4700
500017,Hyderabad,Telangana,17.4100,78.4800
500018,Hyderabad,Telangana,17.3800,78.4900
500020,Hyderabad,Telangana,17.3700,78.5000
500024,Hyderabad,Telangana,17.3600,78.5100
500025,Hyderabad,Telangana,17.4200,78.4900
500026,Hyderabad,Telangana,17.4300,78.4800
500027,Hyderabad,Telangana,17.3500,78.5200
500028,Hyderabad,Telangana,17.4400,78.4700
500029,Hyderabad,Telangana,17.4500,78.4600
500030,Hyderabad,Telangana,17.4600,78.4500
500032,Hyderabad,Telangana,17.3400,78.5300
500033,Hyderabad,Telangana,17.4400,78.5400
500034,Hyderabad,Telangana,17.4500,78.5500
500035,Hyderabad,Telangana,17.3300,78.5400
500036,Hyderabad,Telangana,17.4100,78.4500
500038,Hyderabad,Telangana,17.4200,78.4400
500040,Hyderabad,Telangana,17.4300,78.4300
500044,Hyderabad,Telangana,17.3600,78.5500
500045,Hyderabad,Telangana,17.4600,78.4400
500046,Hyderabad,Telangana,17.4700,78.4300
500047,Hyderabad,Telangana,17.3500,78.5600
500048,Hyderabad,Telangana,17.3800,78.5200
500049,Hyderabad,Telangana,17.4800,78.3900
500050,Hyderabad,Telangana,17.3700,78.5300
500051,Hyderabad,Telangana,17.3600,78.5400
500054,Hyderabad,Telangana,17.3400,78.5500
500055,Hyderabad,Telangana,17.3300,78.5600
500056,Hyderabad,Telangana,17.3200,78.5700
500058,Hyderabad,Telangana,17.3100,78.5800
500059,Hyderabad,Telangana,17.4900,78.3800
500060,Hyderabad,Telangana,17.5000,78.3700
500062,Hyderabad,Telangana,17.3000,78.5900
500063,Hyderabad,Telangana,17.4100,78.5600
500064,Hyderabad,Telangana,17.4200,78.5700
500068,Hyderabad,Telangana,17.4300,78.5800
500072,Hyderabad,Telangana,17.4400,78.5900
500073,Hyderabad,Telangana,17.2900,78.6000
500074,Hyderabad,Telangana,17.4500,78.6000
500075,Hyderabad,Telangana,17.4600,78.5800
500076,Hyderabad,Telangana,17.4700,78.5700
500077,Hyderabad,Telangana,17.4800,78.5600
500078,Hyderabad,Telangana,17.4900,78.5500
500079,Hyderabad,Telangana,17.5000,78.5400
500080,Hyderabad,Telangana,17.3600,78.4200
500081,Hyderabad,Telangana,17.3500,78.4100
500082,Hyderabad,Telangana,17.3400,78.4000
500084,Hyderabad,Telangana,17.3300,78.3900
500085,Hyderabad,Telangana,17.3200,78.3800
500086,Hyderabad,Telangana,17.3100,78.3700
500087,Hyderabad,Telangana,17.3000,78.3600
500089,Hyderabad,Telangana,17.4700,78.3500
500090,Hyderabad,Telangana,17.4800,78.3400
500091,Hyderabad,Telangana,17.4900,78.3300
500092,Hyderabad,Telangana,17.5000,78.3200
500094,Hyderabad,Telangana,17.2800,78.6100
500095,Hyderabad,Telangana,17.2700,78.6200
500097,Hyderabad,Telangana,17.2600,78.6300
501301,Hyderabad,Telangana,17.2500,78.6400
505001,Karimnagar,Telangana,18.4386,79.1288
506001,Warangal,Telangana,17.9784,79.5941
508001,Nalgonda,Telangana,17.0500,79.2600
515001,Anantapur,Andhra Pradesh,14.6819,77.6006
516001,Cuddapah,Andhra Pradesh,14.4674,78.8241
517001,Tirupati,Andhra Pradesh,13.6288,79.4192
517501,Tirupati,Andhra Pradesh,13.6300,79.4200
518001,Kurnool,Andhra Pradesh,15.8281,78.0373
520001,Vijayawada,Andhra Pradesh,16.5062,80.6480
520002,Vijayawada,Andhra Pradesh,16.5100,80.6500
520003,Vijayawada,Andhra Pradesh,16.5000,80.6400
520004,Vijayawada,Andhra Pradesh,16.5200,80.6600
520007,Vijayawada,Andhra Pradesh,16.4900,80.6300
520008,Vijayawada,Andhra Pradesh,16.5300,80.6700
520010,Vijayawada,Andhra Pradesh,16.4800,80.6200
522001,Guntur,Andhra Pradesh,16.3067,80.4365
522002,Guntur,Andhra Pradesh,16.3100,80.4400
522003,Guntur,Andhra Pradesh,16.3000,80.4300
522004,Guntur,Andhra Pradesh,16.3200,80.4500
522006,Guntur,Andhra Pradesh,16.2900,80.4200
523001,Ongole,Andhra Pradesh,15.5057,80.0499
524001,Nellore,Andhra Pradesh,14.4426,79.9865
530001,Visakhapatnam,Andhra Pradesh,17.6868,83.2185
530002,Visakhapatnam,Andhra Pradesh,17.6900,83.2200
530003,Visakhapatnam,Andhra Pradesh,17.6800,83.2100
530004,Visakhapatnam,Andhra Pradesh,17.7000,83.2300
530005,Visakhapatnam,Andhra Pradesh,17.6700,83.2000
530007,Visakhapatnam,Andhra Pradesh,17.7100,83.2400
530011,Visakhapatnam,Andhra Pradesh,17.6600,83.1900
530012,Visakhapatnam,Andhra Pradesh,17.7200,83.2500
530013,Visakhapatnam,Andhra Pradesh,17.7300,83.2600
530016,Visakhapatnam,Andhra Pradesh,17.7400,83.2700
530017,Visakhapatnam,Andhra Pradesh,17.6500,83.1800
530018,Visakhapatnam,Andhra Pradesh,17.6400,83.1700
530020,Visakhapatnam,Andhra Pradesh,17.7500,83.2800
530022,Visakhapatnam,Andhra Pradesh,17.6300,83.1600
530024,Visakhapatnam,Andhra Pradesh,17.7600,83.2900
530026,Visakhapatnam,Andhra Pradesh,17.6200,83.1500
530027,Visakhapatnam,Andhra Pradesh,17.7700,83.3000
530028,Visakhapatnam,Andhra Pradesh,17.6100,83.1400
530029,Visakhapatnam,Andhra Pradesh,17.7800,83.3100
530031,Visakhapatnam,Andhra Pradesh,17.6000,83.1300
530032,Visakhapatnam,Andhra Pradesh,17.7900,83.3200
530035,Visakhapatnam,Andhra Pradesh,17.5900,83.1200
530040,Visakhapatnam,Andhra Pradesh,17.8000,83.3300
530041,Visakhapatnam,Andhra Pradesh,17.8100,83.3400
530043,Visakhapatnam,Andhra Pradesh,17.5800,83.1100
530044,Visakhapatnam,Andhra Pradesh,17.8200,83.3500
530045,Visakhapatnam,Andhra Pradesh,17.8300,83.3600
530047,Visakhapatnam,Andhra Pradesh,17.5700,83.1000
530048,Visakhapatnam,Andhra Pradesh,17.5600,83.0900
560001,Bangalore,Karnataka,12.9716,77.5946
560002,Bangalore,Karnataka,12.9800,77.5900
560003,Bangalore,Karnataka,12.9600,77.5800
560004,Bangalore,Karnataka,12.9900,77.5800
560005,Bangalore,Karnataka,12.9500,77.5700
560006,Bangalore,Karnataka,13.0000,77.5700
560007,Bangalore,Karnataka,12.9400,77.5600
560008,Bangalore,Karnataka,13.0100,77.5600
560009,Bangalore,Karnataka,12.9300,77.5500
560010,Bangalore,Karnataka,13.0200,77.6200
560011,Bangalore,Karnataka,12.9700,77.6100
560012,Bangalore,Karnataka,12.9800,77.6200
560016,Bangalore,Karnataka,12.9600,77.6000
560017,Bangalore,Karnataka,13.0300,77.5400
560018,Bangalore,Karnataka,12.9200,77.6400
560019,Bangalore,Karnataka,13.0400,77.5300
560020,Bangalore,Karnataka,12.9100,77.6500
560021,Bangalore,Karnataka,13.0500,77.5200
560022,Bangalore,Karnataka,12.9300,77.6300
560023,Bangalore,Karnataka,13.0600,77.5100
560024,Bangalore,Karnataka,12.9700,77.5500
560025,Bangalore,Karnataka,12.9500,77.6000
560027,Bangalore,Karnataka,13.0200,77.5500
560029,Bangalore,Karnataka,13.0300,77.5600
560030,Bangalore,Karnataka,12.9400,77.6100
560032,Bangalore,Karnataka,12.9200,77.5900
560033,Bangalore,Karnataka,12.9900,77.6000
560034,Bangalore,Karnataka,12.9000,77.5400
560035,Bangalore,Karnataka,12.9100,77.5300
560036,Bangalore,Karnataka,13.0100,77.5800
560037,Bangalore,Karnataka,12.9300,77.6200
560038,Bangalore,Karnataka,12.9200,77.6300
560039,Bangalore,Karnataka,12.9100,77.6400
560040,Bangalore,Karnataka,12.9000,77.6500
560041,Bangalore,Karnataka,12.9700,77.6300
560042,Bangalore,Karnataka,12.9600,77.6200
560043,Bangalore,Karnataka,12.9500,77.6100
560045,Bangalore,Karnataka,12.9400,77.5900
560047,Bangalore,Karnataka,13.0700,77.5100
560048,Bangalore,Karnataka,12.8900,77.6600
560049,Bangalore,Karnataka,13.0800,77.5000
560050,Bangalore,Karnataka,13.0400,77.5700
560051,Bangalore,Karnataka,12.8800,77.6700
560052,Bangalore,Karnataka,13.0000,77.6100
560053,Bangalore,Karnataka,12.9300,77.5800
560054,Bangalore,Karnataka,12.9200,77.5700
560055,Bangalore,Karnataka,12.9100,77.5600
560056,Bangalore,Karnataka,12.9000,77.5500
560058,Bangalore,Karnataka,13.0600,77.5500
560060,Bangalore,Karnataka,12.8700,77.6800
560061,Bangalore,Karnataka,12.8600,77.6400
560062,Bangalore,Karnataka,13.0500,77.5600
560063,Bangalore,Karnataka,12.8500,77.6500
560064,Bangalore,Karnataka,12.8400,77.6600
560065,Bangalore,Karnataka,12.8300,77.6700
560066,Bangalore,Karnataka,12.8200,77.6800
560067,Bangalore,Karnataka,13.0100,77.6400
560068,Bangalore,Karnataka,13.0200,77.6500
560069,Bangalore,Karnataka,13.0300,77.6600
560070,Bangalore,Karnataka,13.0000,77.6300
560071,Bangalore,Karnataka,13.0400,77.6400
560072,Bangalore,Karnataka,13.0500,77.6300
560073,Bangalore,Karnataka,13.0600,77.6200
560074,Bangalore,Karnataka,13.0700,77.6100
560075,Bangalore,Karnataka,12.8600,77.6200
560076,Bangalore,Karnataka,12.8700,77.6100
560078,Bangalore,Karnataka,12.8800,77.6000
560079,Bangalore,Karnataka,12.8900,77.5900
560080,Bangalore,Karnataka,12.9400,77.5700
560085,Bangalore,Karnataka,12.8300,77.6000
560086,Bangalore,Karnataka,12.8400,77.5900
560087,Bangalore,Karnataka,12.8500,77.5800
560092,Bangalore,Karnataka,13.0800,77.5700
560093,Bangalore,Karnataka,12.8200,77.5800
560094,Bangalore,Karnataka,12.8100,77.5700
560095,Bangalore,Karnataka,12.8000,77.5600
560097,Bangalore,Karnataka,13.0900,77.5800
560098,Bangalore,Karnataka,13.0100,77.5500
560099,Bangalore,Karnataka,13.0900,77.5600
560100,Bangalore,Karnataka,13.0000,77.5400
560102,Bangalore,Karnataka,13.1000,77.5700
560103,Bangalore,Karnataka,12.7900,77.6500
560104,Bangalore,Karnataka,12.7800,77.6400
570001,Mysore,Karnataka,12.2958,76.6394
570002,Mysore,Karnataka,12.3000,76.6400
570004,Mysore,Karnataka,12.2900,76.6300
570005,Mysore,Karnataka,12.3100,76.6500
570006,Mysore,Karnataka,12.2800,76.6200
570008,Mysore,Karnataka,12.3200,76.6600
570010,Mysore,Karnataka,12.2700,76.6100
570011,Mysore,Karnataka,12.3300,76.6700
570012,Mysore,Karnataka,12.2600,76.6000
570015,Mysore,Karnataka,12.3400,76.6800
570016,Mysore,Karnataka,12.2500,76.5900
570017,Mysore,Karnataka,12.3500,76.6900
570019,Mysore,Karnataka,12.2400,76.5800
570020,Mysore,Karnataka,12.3600,76.7000
570023,Mysore,Karnataka,12.2300,76.5700
571401,Mandya,Karnataka,12.5222,76.8952
573201,Hassan,Karnataka,13.0068,76.1004
575001,Mangalore,Karnataka,12.9141,74.8560
575002,Mangalore,Karnataka,12.9200,74.8600
575003,Mangalore,Karnataka,12.9100,74.8500
575004,Mangalore,Karnataka,12.9300,74.8700
575005,Mangalore,Karnataka,12.9000,74.8400
575006,Mangalore,Karnataka,12.9400,74.8800
576001,Udupi,Karnataka,13.3409,74.7421
577001,Davangere,Karnataka,14.4644,75.9218
577002,Shimoga,Karnataka,13.9299,75.5681
577201,Shimoga,Karnataka,13.9300,75.5700
577401,Haveri,Karnataka,14.7951,75.3991
577501,Chitradurga,Karnataka,14.2226,76.3987
580001,Dharwad,Karnataka,15.4589,75.0078
580002,Dharwad,Karnataka,15.4600,75.0100
580003,Hubli,Karnataka,15.3647,75.1240
580020,Hubli,Karnataka,15.3700,75.1300
580021,Hubli,Karnataka,15.3600,75.1200
580023,Hubli,Karnataka,15.3500,75.1100
580024,Hubli,Karnataka,15.3400,75.1000
580025,Hubli,Karnataka,15.3800,75.1400
580028,Hubli,Karnataka,15.3900,75.1500
580029,Hubli,Karnataka,15.4000,75.1600
580030,Hubli,Karnataka,15.3300,75.0900
580031,Hubli,Karnataka,15.3200,75.0800
580032,Hubli,Karnataka,15.4100,75.1700
585101,Gulbarga,Karnataka,17.3297,76.8343
586101,Bijapur,Karnataka,16.8302,75.7100
590001,Belgaum,Karnataka,15.8497,74.4977
590006,Belgaum,Karnataka,15.8500,74.5000
590010,Belgaum,Karnataka,15.8400,74.4900
590011,Belgaum,Karnataka,15.8600,74.5100
590016,Belgaum,Karnataka,15.8300,74.4800
591101,Belgaum,Karnataka,15.8700,74.5200
600001,Chennai,Tamil Nadu,13.0827,80.2707
600002,Chennai,Tamil Nadu,13.0900,80.2800
600003,Chennai,Tamil Nadu,13.0700,80.2600
600004,Chennai,Tamil Nadu,13.1000,80.2900
600005,Chennai,Tamil Nadu,13.0600,80.2500
600006,Chennai,Tamil Nadu,13.0500,80.2400
600007,Chennai,Tamil Nadu,13.1100,80.2600
600008,Chennai,Tamil Nadu,13.0400,80.2700
600009,Chennai,Tamil Nadu,13.1200,80.2500
600010,Chennai,Tamil Nadu,13.0600,80.2800
600011,Chennai,Tamil Nadu,13.0500,80.2900
600012,Chennai,Tamil Nadu,13.0400,80.2600
600014,Chennai,Tamil Nadu,13.0300,80.2500
600015,Chennai,Tamil Nadu,13.0200,80.2700
600017,Chennai,Tamil Nadu,13.0100,80.2600
600018,Chennai,Tamil Nadu,13.0300,80.2600
600020,Chennai,Tamil Nadu,13.0500,80.2500
600024,Chennai,Tamil Nadu,13.0700,80.2400
600025,Chennai,Tamil Nadu,12.9900,80.2200
600026,Chennai,Tamil Nadu,13.0200,80.2100
600028,Chennai,Tamil Nadu,13.0100,80.2200
600029,Chennai,Tamil Nadu,13.0000,80.2100
600030,Chennai,Tamil Nadu,13.0800,80.2100
600032,Chennai,Tamil Nadu,13.0600,80.2200
600033,Chennai,Tamil Nadu,13.0900,80.2200
600034,Chennai,Tamil Nadu,13.0400,80.2100
600035,Chennai,Tamil Nadu,13.0700,80.2700
600036,Chennai,Tamil Nadu,13.0100,80.2800
600037,Chennai,Tamil Nadu,13.0500,80.2700
600040,Chennai,Tamil Nadu,13.0300,80.2100
600041,Chennai,Tamil Nadu,13.0800,80.2800
600042,Chennai,Tamil Nadu,13.1300,80.2400
600044,Chennai,Tamil Nadu,13.1400,80.2300
600045,Chennai,Tamil Nadu,13.1500,80.2200
600047,Chennai,Tamil Nadu,13.1600,80.2100
600048,Chennai,Tamil Nadu,13.0200,80.2800
600049,Chennai,Tamil Nadu,13.0100,80.2100
600050,Chennai,Tamil Nadu,13.0400,80.2200
600053,Chennai,Tamil Nadu,13.0500,80.2100
600054,Chennai,Tamil Nadu,13.0600,80.2000
600055,Chennai,Tamil Nadu,13.0900,80.2100
600056,Chennai,Tamil Nadu,13.1000,80.2200
600058,Chennai,Tamil Nadu,13.1100,80.2100
600059,Chennai,Tamil Nadu,13.0800,80.2000
600060,Chennai,Tamil Nadu,12.9900,80.2500
600061,Chennai,Tamil Nadu,12.9800,80.2400
600062,Chennai,Tamil Nadu,12.9700,80.2300
600064,Chennai,Tamil Nadu,13.1200,80.2200
600066,Chennai,Tamil Nadu,13.1300,80.2100
600068,Chennai,Tamil Nadu,12.9600,80.2200
600069,Chennai,Tamil Nadu,13.1400,80.2200
600070,Chennai,Tamil Nadu,12.9500,80.2100
600073,Chennai,Tamil Nadu,13.1100,80.2800
600078,Chennai,Tamil Nadu,13.0600,80.2900
600079,Chennai,Tamil Nadu,13.0200,80.2900
600081,Chennai,Tamil Nadu,13.1500,80.2300
600083,Chennai,Tamil Nadu,12.9400,80.2400
600085,Chennai,Tamil Nadu,13.0600,80.2100
600086,Chennai,Tamil Nadu,12.9300,80.2300
600087,Chennai,Tamil Nadu,13.1600,80.2200
600088,Chennai,Tamil Nadu,13.1200,80.2900
600089,Chennai,Tamil Nadu,13.0400,80.2400
600091,Chennai,Tamil Nadu,12.9500,80.2500
600092,Chennai,Tamil Nadu,12.9400,80.2600
600093,Chennai,Tamil Nadu,13.1700,80.2200
600094,Chennai,Tamil Nadu,13.0100,80.2900
600095,Chennai,Tamil Nadu,12.9300,80.2700
600096,Chennai,Tamil Nadu,13.0700,80.2900
600097,Chennai,Tamil Nadu,12.9200,80.2800
600098,Chennai,Tamil Nadu,13.0900,80.2900
600099,Chennai,Tamil Nadu,13.1800,80.2100
600100,Chennai,Tamil Nadu,12.9100,80.2900
600101,Chennai,Tamil Nadu,13.1900,80.2100
600102,Chennai,Tamil Nadu,13.0800,80.2900
601201,Kancheepuram,Tamil Nadu,12.8342,79.7036
620001,Tiruchirappalli,Tamil Nadu,10.7905,78.7047
621001,Tiruchirappalli,Tamil Nadu,10.7900,78.7000
625001,Madurai,Tamil Nadu,9.9252,78.1198
625002,Madurai,Tamil Nadu,9.9300,78.1200
625003,Madurai,Tamil Nadu,9.9200,78.1100
625004,Madurai,Tamil Nadu,9.9400,78.1300
625009,Madurai,Tamil Nadu,9.9100,78.1000
625010,Madurai,Tamil Nadu,9.9500,78.1400
625012,Madurai,Tamil Nadu,9.9000,78.0900
625014,Madurai,Tamil Nadu,9.8900,78.0800
625016,Madurai,Tamil Nadu,9.9600,78.1500
625020,Madurai,Tamil Nadu,9.8800,78.0700
626001,Virudhunagar,Tamil Nadu,9.5851,77.9530
627001,Tirunelveli,Tamil Nadu,8.7139,77.7567
628001,Tuticorin,Tamil Nadu,8.7642,78.1348
630001,Sivaganga,Tamil Nadu,10.1426,78.4806
636001,Salem,Tamil Nadu,11.6643,78.1460
636002,Salem,Tamil Nadu,11.6700,78.1500
636004,Salem,Tamil Nadu,11.6600,78.1400
636006,Salem,Tamil Nadu,11.6500,78.1300
636007,Salem,Tamil Nadu,11.6800,78.1600
636008,Salem,Tamil Nadu,11.6400,78.1200
636009,Salem,Tamil Nadu,11.6900,78.1700
636010,Salem,Tamil Nadu,11.6300,78.1100
636011,Salem,Tamil Nadu,11.7000,78.1800
636012,Salem,Tamil Nadu,11.6200,78.1000
636015,Salem,Tamil Nadu,11.7100,78.1900
636016,Salem,Tamil Nadu,11.6100,78.0900
637001,Namakkal,Tamil Nadu,11.2189,78.1674
638001,Erode,Tamil Nadu,11.3410,77.7172
641001,Coimbatore,Tamil Nadu,11.0168,76.9558
641002,Coimbatore,Tamil Nadu,11.0200,76.9600
641003,Coimbatore,Tamil Nadu,11.0100,76.9500
641004,Coimbatore,Tamil Nadu,11.0300,76.9700
641005,Coimbatore,Tamil Nadu,11.0000,76.9400
641006,Coimbatore,Tamil Nadu,11.0400,76.9800
641011,Coimbatore,Tamil Nadu,10.9900,76.9300
641012,Coimbatore,Tamil Nadu,11.0500,76.9900
641014,Coimbatore,Tamil Nadu,10.9800,76.9200
641018,Coimbatore,Tamil Nadu,10.9700,76.9100
641022,Coimbatore,Tamil Nadu,11.0600,77.0000
641024,Coimbatore,Tamil Nadu,10.9600,76.9000
641025,Coimbatore,Tamil Nadu,10.9500,76.8900
641027,Coimbatore,Tamil Nadu,11.0700,77.0100
641028,Coimbatore,Tamil Nadu,10.9400,76.8800
641029,Coimbatore,Tamil Nadu,11.0200,76.9400
641030,Coimbatore,Tamil Nadu,10.9300,76.8700
641035,Coimbatore,Tamil Nadu,11.0800,77.0200
641037,Coimbatore,Tamil Nadu,11.0300,76.9500
641038,Coimbatore,Tamil Nadu,11.0400,76.9600
641041,Coimbatore,Tamil Nadu,10.9900,76.9100
641042,Coimbatore,Tamil Nadu,11.0000,76.9200
641043,Coimbatore,Tamil Nadu,11.0100,76.9300
641044,Coimbatore,Tamil Nadu,11.0600,76.9800
641045,Coimbatore,Tamil Nadu,11.0700,76.9900
641046,Coimbatore,Tamil Nadu,10.9800,76.9000
641047,Coimbatore,Tamil Nadu,10.9700,76.8900
641048,Coimbatore,Tamil Nadu,10.9600,76.8800
641049,Coimbatore,Tamil Nadu,11.0800,77.0000
642001,Pollachi,Tamil Nadu,10.6609,77.0048
643001,Nilgiris,Tamil Nadu,11.4102,76.6950
670001,Kannur,Kerala,11.8745,75.3704
670002,Kannur,Kerala,11.8800,75.3700
670003,Kannur,Kerala,11.8700,75.3600
670004,Kannur,Kerala,11.8900,75.3800
670005,Kannur,Kerala,11.8600,75.3500
670006,Kannur,Kerala,11.9000,75.3900
670007,Kannur,Kerala,11.8500,75.3400
670009,Kannur,Kerala,11.9100,75.4000
670010,Kannur,Kerala,11.8400,75.3300
671001,Kasaragod,Kerala,12.4996,74.9869
673001,Kozhikode,Kerala,11.2588,75.7804
673002,Kozhikode,Kerala,11.2600,75.7800
673003,Kozhikode,Kerala,11.2500,75.7700
673004,Kozhikode,Kerala,11.2700,75.7900
673005,Kozhikode,Kerala,11.2400,75.7600
673006,Kozhikode,Kerala,11.2800,75.8000
673008,Kozhikode,Kerala,11.2300,75.7500
673009,Kozhikode,Kerala,11.2900,75.8100
673010,Kozhikode,Kerala,11.2200,75.7400
673011,Kozhikode,Kerala,11.3000,75.8200
673012,Kozhikode,Kerala,11.2100,75.7300
673014,Kozhikode,Kerala,11.3100,75.8300
673015,Kozhikode,Kerala,11.2000,75.7200
673016,Kozhikode,Kerala,11.3200,75.8400
673017,Kozhikode,Kerala,11.1900,75.7100
673018,Kozhikode,Kerala,11.3300,75.8500
673019,Kozhikode,Kerala,11.1800,75.7000
673020,Kozhikode,Kerala,11.3400,75.8600
676001,Malappuram,Kerala,11.0510,76.0711
678001,Palakkad,Kerala,10.7867,76.6548
680001,Thrissur,Kerala,10.5276,76.2144
680002,Thrissur,Kerala,10.5300,76.2200
680003,Thrissur,Kerala,10.5200,76.2100
680004,Thrissur,Kerala,10.5400,76.2300
680005,Thrissur,Kerala,10.5100,76.2000
680006,Thrissur,Kerala,10.5500,76.2400
680007,Thrissur,Kerala,10.5000,76.1900
680008,Thrissur,Kerala,10.5600,76.2500
680009,Thrissur,Kerala,10.4900,76.1800
680011,Thrissur,Kerala,10.5700,76.2600
680012,Thrissur,Kerala,10.4800,76.1700
682001,Ernakulam,Kerala,9.9816,76.2999
682002,Ernakulam,Kerala,9.9900,76.3000
682003,Ernakulam,Kerala,9.9700,76.2900
682004,Ernakulam,Kerala,10.0000,76.3100
682005,Ernakulam,Kerala,9.9600,76.2800
682006,Ernakulam,Kerala,10.0100,76.3200
682011,Ernakulam,Kerala,9.9500,76.2700
682016,Ernakulam,Kerala,10.0200,76.3300
682017,Ernakulam,Kerala,9.9400,76.2600
682018,Ernakulam,Kerala,10.0300,76.3400
682019,Ernakulam,Kerala,9.9300,76.2500
682020,Ernakulam,Kerala,9.9800,76.3200
682021,Ernakulam,Kerala,9.9900,76.3300
682022,Ernakulam,Kerala,10.0400,76.3500
682023,Ernakulam,Kerala,9.9200,76.2400
682024,Ernakulam,Kerala,10.0500,76.3600
682025,Ernakulam,Kerala,9.9100,76.2300
682026,Ernakulam,Kerala,10.0000,76.3400
682027,Ernakulam,Kerala,9.9800,76.3100
682028,Ernakulam,Kerala,10.0100,76.3500
682029,Ernakulam,Kerala,9.9700,76.3000
682030,Ernakulam,Kerala,10.0200,76.3600
682031,Ernakulam,Kerala,9.9600,76.2900
682032,Ernakulam,Kerala,10.0300,76.3700
682033,Ernakulam,Kerala,9.9500,76.2800
682034,Ernakulam,Kerala,10.0400,76.3800
682035,Ernakulam,Kerala,9.9400,76.2700
682036,Ernakulam,Kerala,10.0500,76.3900
685001,Idukki,Kerala,9.8494,76.9710
686001,Kottayam,Kerala,9.5916,76.5222
688001,Alappuzha,Kerala,9.4981,76.3388
689001,Pathanamthitta,Kerala,9.2648,76.7870
690001,Kollam,Kerala,8.8932,76.6141
690002,Kollam,Kerala,8.8900,76.6100
690003,Kollam,Kerala,8.9000,76.6200
690004,Kollam,Kerala,8.8800,76.6000
690005,Kollam,Kerala,8.9100,76.6300
690006,Kollam,Kerala,8.8700,76.5900
690007,Kollam,Kerala,8.9200,76.6400
690008,Kollam,Kerala,8.8600,76.5800
690009,Kollam,Kerala,8.9300,76.6500
690010,Kollam,Kerala,8.8500,76.5700
690011,Kollam,Kerala,8.9400,76.6600
695001,Thiruvananthapuram,Kerala,8.5241,76.9366
695002,Thiruvananthapuram,Kerala,8.5300,76.9400
695003,Thiruvananthapuram,Kerala,8.5200,76.9300
695004,Thiruvananthapuram,Kerala,8.5400,76.9500
695005,Thiruvananthapuram,Kerala,8.5100,76.9200
695006,Thiruvananthapuram,Kerala,8.5500,76.9600
695007,Thiruvananthapuram,Kerala,8.5000,76.9100
695008,Thiruvananthapuram,Kerala,8.5600,76.9700
695009,Thiruvananthapuram,Kerala,8.4900,76.9000
695010,Thiruvananthapuram,Kerala,8.5700,76.9800
695011,Thiruvananthapuram,Kerala,8.4800,76.8900
695012,Thiruvananthapuram,Kerala,8.5800,76.9900
695013,Thiruvananthapuram,Kerala,8.4700,76.8800
695014,Thiruvananthapuram,Kerala,8.5100,76.9500
695015,Thiruvananthapuram,Kerala,8.5200,76.9600
695016,Thiruvananthapuram,Kerala,8.5300,76.9700
695017,Thiruvananthapuram,Kerala,8.4600,76.8700
695019,Thiruvananthapuram,Kerala,8.5400,76.9800
695020,Thiruvananthapuram,Kerala,8.4500,76.8600
695021,Thiruvananthapuram,Kerala,8.5500,76.9900
695022,Thiruvananthapuram,Kerala,8.4400,76.8500
695023,Thiruvananthapuram,Kerala,8.5600,77.0000
695024,Thiruvananthapuram,Kerala,8.4300,76.8400
695025,Thiruvananthapuram,Kerala,8.4200,76.8300
695026,Thiruvananthapuram,Kerala,8.4100,76.8200
695027,Thiruvananthapuram,Kerala,8.4000,76.8100
695028,Thiruvananthapuram,Kerala,8.3900,76.8000
695029,Thiruvananthapuram,Kerala,8.5700,77.0100
695030,Thiruvananthapuram,Kerala,8.5800,77.0200
695033,Thiruvananthapuram,Kerala,8.5900,77.0300
695034,Thiruvananthapuram,Kerala,8.3800,76.7900
695035,Thiruvananthapuram,Kerala,8.3700,76.7800
695036,Thiruvananthapuram,Kerala,8.3600,76.7700
695038,Thiruvananthapuram,Kerala,8.6000,77.0400
695040,Thiruvananthapuram,Kerala,8.3500,76.7600
695041,Thiruvananthapuram,Kerala,8.6100,77.0500
695042,Thiruvananthapuram,Kerala,8.3400,76.7500
695043,Thiruvananthapuram,Kerala,8.6200,77.0600
695099,Thiruvananthapuram,Kerala,8.5000,76.9400
700001,Kolkata,West Bengal,22.5726,88.3639
700002,Kolkata,West Bengal,22.5800,88.3700
700003,Kolkata,West Bengal,22.5600,88.3500
700004,Kolkata,West Bengal,22.5900,88.3800
700005,Kolkata,West Bengal,22.5500,88.3400
700006,Kolkata,West Bengal,22.5400,88.3600
700007,Kolkata,West Bengal,22.5700,88.3800
700008,Kolkata,West Bengal,22.5800,88.3600
700009,Kolkata,West Bengal,22.5500,88.3700
700010,Kolkata,West Bengal,22.5600,88.3800
700011,Kolkata,West Bengal,22.5300,88.3500
700012,Kolkata,West Bengal,22.5200,88.3400
700013,Kolkata,West Bengal,22.5900,88.3500
700014,Kolkata,West Bengal,22.6000,88.3400
700015,Kolkata,West Bengal,22.5400,88.3300
700016,Kolkata,West Bengal,22.5100,88.3600
700017,Kolkata,West Bengal,22.5300,88.3800
700019,Kolkata,West Bengal,22.5200,88.3700
700020,Kolkata,West Bengal,22.5100,88.3500
700022,Kolkata,West Bengal,22.5400,88.3500
700023,Kolkata,West Bengal,22.5300,88.3400
700024,Kolkata,West Bengal,22.5200,88.3300
700025,Kolkata,West Bengal,22.5700,88.3400
700026,Kolkata,West Bengal,22.5100,88.3200
700027,Kolkata,West Bengal,22.5800,88.3300
700028,Kolkata,West Bengal,22.5600,88.3300
700029,Kolkata,West Bengal,22.5000,88.3700
700030,Kolkata,West Bengal,22.4900,88.3600
700031,Kolkata,West Bengal,22.4800,88.3500
700032,Kolkata,West Bengal,22.5300,88.3200
700033,Kolkata,West Bengal,22.6100,88.3300
700034,Kolkata,West Bengal,22.5500,88.3200
700035,Kolkata,West Bengal,22.6200,88.3200
700036,Kolkata,West Bengal,22.5400,88.3100
700037,Kolkata,West Bengal,22.5600,88.3600
700038,Kolkata,West Bengal,22.5200,88.3600
700039,Kolkata,West Bengal,22.5100,88.3800
700040,Kolkata,West Bengal,22.5000,88.3500
700041,Kolkata,West Bengal,22.4900,88.3400
700042,Kolkata,West Bengal,22.5300,88.3100
700043,Kolkata,West Bengal,22.6000,88.3200
700044,Kolkata,West Bengal,22.5900,88.3100
700045,Kolkata,West Bengal,22.5800,88.3100
700046,Kolkata,West Bengal,22.5200,88.3100
700047,Kolkata,West Bengal,22.4800,88.3800
700048,Kolkata,West Bengal,22.4700,88.3700
700050,Kolkata,West Bengal,22.4800,88.3300
700051,Kolkata,West Bengal,22.5300,88.3000
700052,Kolkata,West Bengal,22.5500,88.3100
700053,Kolkata,West Bengal,22.5700,88.3200
700054,Kolkata,West Bengal,22.4700,88.3500
700055,Kolkata,West Bengal,22.4600,88.3400
700056,Kolkata,West Bengal,22.6300,88.3400
700057,Kolkata,West Bengal,22.6100,88.3600
700058,Kolkata,West Bengal,22.6200,88.3500
700059,Kolkata,West Bengal,22.6300,88.3600
700060,Kolkata,West Bengal,22.5400,88.3000
700061,Kolkata,West Bengal,22.5600,88.3100
700063,Kolkata,West Bengal,22.4600,88.3300
700064,Kolkata,West Bengal,22.6000,88.3600
700065,Kolkata,West Bengal,22.6100,88.3500
700066,Kolkata,West Bengal,22.4500,88.3200
700067,Kolkata,West Bengal,22.4600,88.3500
700068,Kolkata,West Bengal,22.5500,88.3300
700069,Kolkata,West Bengal,22.5100,88.3000
700070,Kolkata,West Bengal,22.5000,88.3100
700071,Kolkata,West Bengal,22.4500,88.3600
700072,Kolkata,West Bengal,22.4400,88.3500
700073,Kolkata,West Bengal,22.4400,88.3700
700074,Kolkata,West Bengal,22.4300,88.3600
700075,Kolkata,West Bengal,22.6400,88.3500
700076,Kolkata,West Bengal,22.6500,88.3400
700077,Kolkata,West Bengal,22.4300,88.3400
700078,Kolkata,West Bengal,22.4200,88.3500
700079,Kolkata,West Bengal,22.5900,88.3000
700080,Kolkata,West Bengal,22.5800,88.3000
700081,Kolkata,West Bengal,22.4900,88.3000
700082,Kolkata,West Bengal,22.6400,88.3300
700084,Kolkata,West Bengal,22.6300,88.3200
700085,Kolkata,West Bengal,22.6200,88.3100
700086,Kolkata,West Bengal,22.4200,88.3300
700087,Kolkata,West Bengal,22.4100,88.3200
700088,Kolkata,West Bengal,22.4100,88.3400
700089,Kolkata,West Bengal,22.4000,88.3300
700091,Kolkata,West Bengal,22.6500,88.3300
700092,Kolkata,West Bengal,22.5700,88.3100
700093,Kolkata,West Bengal,22.5000,88.3200
700094,Kolkata,West Bengal,22.4600,88.3100
700095,Kolkata,West Bengal,22.4500,88.3000
700096,Kolkata,West Bengal,22.4000,88.3500
700097,Kolkata,West Bengal,22.3900,88.3400
700098,Kolkata,West Bengal,22.5900,88.3200
700099,Kolkata,West Bengal,22.6000,88.3100
700100,Kolkata,West Bengal,22.5800,88.3200
700101,Kolkata,West Bengal,22.5700,88.3300
700102,Kolkata,West Bengal,22.5600,88.3200
700103,Kolkata,West Bengal,22.5500,88.3000
700104,Kolkata,West Bengal,22.5400,88.3200
700105,Kolkata,West Bengal,22.5300,88.3300
700106,Kolkata,West Bengal,22.4800,88.3100
700107,Kolkata,West Bengal,22.4700,88.3000
711101,Howrah,West Bengal,22.5958,88.2636
711102,Howrah,West Bengal,22.6000,88.2700
711103,Howrah,West Bengal,22.5900,88.2600
711104,Howrah,West Bengal,22.6100,88.2800
711105,Howrah,West Bengal,22.5800,88.2500
711106,Howrah,West Bengal,22.6200,88.2900
712101,Hooghly,West Bengal,22.9086,88.3967
712103,Hooghly,West Bengal,22.9100,88.4000
712136,Hooghly,West Bengal,22.9200,88.4100
713101,Burdwan,West Bengal,23.2324,87.8615
721001,Midnapore,West Bengal,22.4228,87.3199
731101,Suri,West Bengal,23.9086,87.5284
733101,Raiganj,West Bengal,25.6164,88.1232
734001,Darjeeling,West Bengal,27.0410,88.2663
735101,Jalpaiguri,West Bengal,26.5232,88.7304
736101,Cooch Behar,West Bengal,26.3228,89.4485
737101,Gangtok,Sikkim,27.3389,88.6065
741101,Nadia,West Bengal,23.4137,88.1450
751001,Bhubaneswar,Odisha,20.2961,85.8245
751002,Bhubaneswar,Odisha,20.3000,85.8300
751003,Bhubaneswar,Odisha,20.2900,85.8200
751004,Bhubaneswar,Odisha,20.3100,85.8400
751005,Bhubaneswar,Odisha,20.2800,85.8100
751006,Bhubaneswar,Odisha,20.3200,85.8500
751007,Bhubaneswar,Odisha,20.2700,85.8000
751009,Bhubaneswar,Odisha,20.3300,85.8600
751010,Bhubaneswar,Odisha,20.2600,85.7900
751012,Bhubaneswar,Odisha,20.3400,85.8700
751014,Bhubaneswar,Odisha,20.2500,85.7800
753001,Cuttack,Odisha,20.4625,85.8830
753002,Cuttack,Odisha,20.4700,85.8900
753003,Cuttack,Odisha,20.4600,85.8800
753004,Cuttack,Odisha,20.4500,85.8700
757001,Baripada,Odisha,21.9322,86.7231
760001,Berhampur,Odisha,19.3150,84.7941
769001,Rourkela,Odisha,22.2604,84.8536
769002,Rourkela,Odisha,22.2700,84.8600
769003,Rourkela,Odisha,22.2500,84.8400
769004,Rourkela,Odisha,22.2800,84.8700
770001,Sundargarh,Odisha,22.1190,84.0278
781001,Guwahati,Assam,26.1445,91.7362
781003,Guwahati,Assam,26.1500,91.7400
781005,Guwahati,Assam,26.1400,91.7300
781006,Guwahati,Assam,26.1600,91.7500
781007,Guwahati,Assam,26.1300,91.7200
781008,Guwahati,Assam,26.1700,91.7600
781009,Guwahati,Assam,26.1200,91.7100
781010,Guwahati,Assam,26.1800,91.7700
781011,Guwahati,Assam,26.1100,91.7000
781012,Guwahati,Assam,26.1900,91.7800
781014,Guwahati,Assam,26.1000,91.6900
781016,Guwahati,Assam,26.2000,91.7900
781018,Guwahati,Assam,26.0900,91.6800
781020,Guwahati,Assam,26.2100,91.8000
781021,Guwahati,Assam,26.0800,91.6700
781022,Guwahati,Assam,26.2200,91.8100
781024,Guwahati,Assam,26.0700,91.6600
781025,Guwahati,Assam,26.2300,91.8200
781027,Guwahati,Assam,26.0600,91.6500
781028,Guwahati,Assam,26.2400,91.8300
781029,Guwahati,Assam,26.0500,91.6400
781030,Guwahati,Assam,26.2500,91.8400
781031,Guwahati,Assam,26.0400,91.6300
781034,Guwahati,Assam,26.2600,91.8500
781035,Guwahati,Assam,26.0300,91.6200
781036,Guwahati,Assam,26.2700,91.8600
781038,Guwahati,Assam,26.0200,91.6100
781039,Guwahati,Assam,26.2800,91.8700
781040,Guwahati,Assam,26.0100,91.6000
783101,Dhubri,Assam,26.0232,89.9789
784001,Tezpur,Assam,26.6338,92.8004
786001,Dibrugarh,Assam,27.4728,94.9120
788001,Silchar,Assam,24.8333,92.7789
790001,Itanagar,Arunachal Pradesh,27.0844,93.6053
793001,Shillong,Meghalaya,25.5788,91.8933
795001,Imphal,Manipur,24.8170,93.9368
796001,Aizawl,Mizoram,23.7271,92.7176
797001,Kohima,Nagaland,25.6751,94.1086
799001,Agartala,Tripura,23.8315,91.2868
800001,Patna,Bihar,25.6093,85.1376
800002,Patna,Bihar,25.6100,85.1400
800003,Patna,Bihar,25.6000,85.1300
800004,Patna,Bihar,25.6200,85.1500
800005,Patna,Bihar,25.5900,85.1200
800006,Patna,Bihar,25.6300,85.1600
800007,Patna,Bihar,25.5800,85.1100
800008,Patna,Bihar,25.6400,85.1700
800009,Patna,Bihar,25.5700,85.1000
800010,Patna,Bihar,25.6500,85.1800
800011,Patna,Bihar,25.5600,85.0900
800012,Patna,Bihar,25.6600,85.1900
800013,Patna,Bihar,25.5500,85.0800
800014,Patna,Bihar,25.5400,85.0700
800015,Patna,Bihar,25.5300,85.0600
800016,Patna,Bihar,25.6000,85.1500
800017,Patna,Bihar,25.6100,85.1600
800018,Patna,Bihar,25.5900,85.1400
800020,Patna,Bihar,25.5800,85.1300
800024,Patna,Bihar,25.5700,85.1200
800025,Patna,Bihar,25.5600,85.1100
811101,Munger,Bihar,25.3708,86.4735
812001,Bhagalpur,Bihar,25.2425,86.9842
813101,Banka,Bihar,24.8852,86.9253
821001,Sasaram,Bihar,24.9455,84.0314
823001,Gaya,Bihar,24.7914,84.9994
826001,Dhanbad,Jharkhand,23.7957,86.4304
827001,Bokaro,Jharkhand,23.6693,86.1511
828101,Dhanbad,Jharkhand,23.7900,86.4300
831001,Jamshedpur,Jharkhand,22.8046,86.2029
831002,Jamshedpur,Jharkhand,22.8100,86.2100
831003,Jamshedpur,Jharkhand,22.7900,86.1900
831004,Jamshedpur,Jharkhand,22.8200,86.2200
831005,Jamshedpur,Jharkhand,22.7800,86.1800
831006,Jamshedpur,Jharkhand,22.8300,86.2300
831007,Jamshedpur,Jharkhand,22.7700,86.1700
831009,Jamshedpur,Jharkhand,22.8400,86.2400
831011,Jamshedpur,Jharkhand,22.7600,86.1600
831012,Jamshedpur,Jharkhand,22.8500,86.2500
831013,Jamshedpur,Jharkhand,22.7500,86.1500
831014,Jamshedpur,Jharkhand,22.8600,86.2600
834001,Ranchi,Jharkhand,23.3441,85.3096
834002,Ranchi,Jharkhand,23.3500,85.3100
834003,Ranchi,Jharkhand,23.3400,85.3000
834004,Ranchi,Jharkhand,23.3600,85.3200
834005,Ranchi,Jharkhand,23.3300,85.2900
834006,Ranchi,Jharkhand,23.3700,85.3300
834008,Ranchi,Jharkhand,23.3200,85.2800
834009,Ranchi,Jharkhand,23.3800,85.3400
834010,Ranchi,Jharkhand,23.3100,85.2700
834012,Ranchi,Jharkhand,23.3900,85.3500
842001,Muzaffarpur,Bihar,26.1209,85.3647
843301,Sitamarhi,Bihar,26.5934,85.4908
845401,Motihari,Bihar,26.6466,84.9155
846001,Darbhanga,Bihar,26.1542,85.8918
847211,Madhubani,Bihar,26.3481,86.0699
848101,Samastipur,Bihar,25.8632,85.7811
851101,Begusarai,Bihar,25.4182,86.1272
852101,Saharsa,Bihar,25.8774,86.5913
854301,Purnia,Bihar,25.7771,87.4753
855101,Kishanganj,Bihar,26.0932,87.9503
